,Attr1,Attr2,Attr3,Attr4,Attr5,Attr6,Attr_Corr
count,1000.0,950.0,1000.0,1000.0,1000.0,1000.0,1000.0
mean,5.114743333081755,50.08186654016745,25.298141484811968,99.90780649531577,14.9249634216238,7.22071285324486,7.671021261793658
std,2.90723201202923,28.284140792822974,14.546832199262033,58.90009022331556,8.747402375218313,4.418436791710986,4.356158629936993
min,0.0244606977584938,0.0143890353969222,0.0136651626565176,0.5335381378034132,0.0381698141780151,0.0036162005259593,-0.1056901262655961
25%,2.632887021588382,25.879785746291798,12.490102296931603,47.8023387231602,7.282916908401162,3.3957223866814905,3.9449079074280147
50%,5.2280629744496085,48.90983174024695,25.21048658109421,100.66517936126175,15.402577332303192,7.071964047381686,7.845771905531915
75%,7.74631093593929,74.99715794856075,38.68150492914926,150.7498527489114,22.52296606307078,11.151222249652358,11.581421809214122
max,9.996941818804093,99.91784488620512,49.95487862388044,199.68570646526047,29.951838715496308,14.95365583978594,15.032195924327333
