model,roc_auc_train,roc_auc_test,pr_auc_train,pr_auc_test,brier_train,brier_test,f1_train,f1_test,precision_train,precision_test,recall_train,recall_test
Logistic Regression,0.5426998039441818,0.3501683501683502,0.06408536825112099,0.04640351312764483,0.24860518289153588,0.2516924490045573,0.11188811188811189,0.0380952380952381,0.06266318537859007,0.02127659574468085,0.5217391304347826,0.18181818181818182
Random Forest,0.9997116826202284,0.2611832611832612,0.9961180124223602,0.03820346075483225,0.04183565452264179,0.09330867615169464,0.9375,0.0,0.9,0.0,0.9782608695652174,0.0
GaussianNB,0.627522777073002,0.30543530543530545,0.09327719758991418,0.04135370372636882,0.05371550985971487,0.05324400775378464,0.0,0.0,0.0,0.0,0.0,0.0
