feature,psi
Attr2,0.06710481841248578
Attr5,0.04769770598916873
Attr3,0.04714429256986543
Attr4,0.044593126608277744
Attr6,0.04169812693789744
Attr1,0.02798422087744596
